{
    "input_shapes": [
        [
            4
        ]
    ],
    "input_data": [
        [
            5.800000190734863,
            2.700000047683716,
            5.0,
            2.4000000953674316
        ]
    ],
    "output_data": [
        [
            2
        ]
    ],
    "public_output_idxs": [
        [
            0,
            0
        ]
    ]
}