{"inputs":[["9ab9000000000000000000000000000000000000000000000000000000000000","6656000000000000000000000000000000000000000000000000000000000000","00a0000000000000000000000000000000000000000000000000000000000000","cd4c000000000000000000000000000000000000000000000000000000000000"]],"pretty_elements":{"rescaled_inputs":[["5.800048828125","2.699951171875","5","2.4000244140625"]],"inputs":[["0x000000000000000000000000000000000000000000000000000000000000b99a","0x0000000000000000000000000000000000000000000000000000000000005666","0x000000000000000000000000000000000000000000000000000000000000a000","0x0000000000000000000000000000000000000000000000000000000000004ccd"]],"processed_inputs":[],"processed_params":[],"processed_outputs":[],"rescaled_outputs":[["-0.6849365234375","-0.1861572265625","0.197265625"]],"outputs":[["0x30644e72e131a029b85045b68181585d2833e84879b9709143e1f593efffea16","0x30644e72e131a029b85045b68181585d2833e84879b9709143e1f593effffa0c","0x0000000000000000000000000000000000000000000000000000000000000650"]]},"outputs":[["16eaffef93f5e1439170b97948e833285d588181b64550b829a031e1724e6430","0cfaffef93f5e1439170b97948e833285d588181b64550b829a031e1724e6430","5006000000000000000000000000000000000000000000000000000000000000"]],"processed_inputs":null,"processed_params":null,"processed_outputs":null,"max_lookup_inputs":0,"min_lookup_inputs":0,"max_range_size":16383,"version":"20.2.0"}