{
  "inputs": [
    [
      "9ab9000000000000000000000000000000000000000000000000000000000000",
      "6656000000000000000000000000000000000000000000000000000000000000",
      "00a0000000000000000000000000000000000000000000000000000000000000",
      "cd4c000000000000000000000000000000000000000000000000000000000000"
    ]
  ],
  "pretty_elements": {
    "rescaled_inputs": [
      ["5.800048828125", "2.699951171875", "5", "2.4000244140625"]
    ],
    "inputs": [
      [
        "0x000000000000000000000000000000000000000000000000000000000000b99a",
        "0x0000000000000000000000000000000000000000000000000000000000005666",
        "0x000000000000000000000000000000000000000000000000000000000000a000",
        "0x0000000000000000000000000000000000000000000000000000000000004ccd"
      ]
    ],
    "processed_inputs": [],
    "processed_params": [],
    "processed_outputs": [],
    "rescaled_outputs": [
      ["-0.744384765625", "0.4569091796875", "0.6658935546875"]
    ],
    "outputs": [
      [
        "0x30644e72e131a029b85045b68181585d2833e84879b9709143e1f593efffe82f",
        "0x0000000000000000000000000000000000000000000000000000000000000e9f",
        "0x000000000000000000000000000000000000000000000000000000000000154f"
      ]
    ]
  },
  "outputs": [
    [
      "2fe8ffef93f5e1439170b97948e833285d588181b64550b829a031e1724e6430",
      "9f0e000000000000000000000000000000000000000000000000000000000000",
      "4f15000000000000000000000000000000000000000000000000000000000000"
    ]
  ],
  "processed_inputs": null,
  "processed_params": null,
  "processed_outputs": null,
  "max_lookup_inputs": 0,
  "min_lookup_inputs": 0,
  "max_range_size": 16383,
  "version": "20.2.0"
}
